--------------------------------------------------------
--  File created - Thursday-July-14-2016   
--------------------------------------------------------
--------------------------------------------------------
--  DDL for Sequence ARTICLE_ID_SEQ
--------------------------------------------------------

   CREATE SEQUENCE  "YAEL"."ARTICLE_ID_SEQ"  MINVALUE 1 MAXVALUE 100000 INCREMENT BY 1 START WITH 21 CACHE 20 NOORDER  NOCYCLE ;
--------------------------------------------------------
--  DDL for Sequence FEED_ID_SEQ
--------------------------------------------------------

   CREATE SEQUENCE  "YAEL"."FEED_ID_SEQ"  MINVALUE 1 MAXVALUE 100000 INCREMENT BY 1 START WITH 21 CACHE 20 NOORDER  NOCYCLE ;
--------------------------------------------------------
--  DDL for Sequence USER_ID_SEQ
--------------------------------------------------------

   CREATE SEQUENCE  "YAEL"."USER_ID_SEQ"  MINVALUE 1 MAXVALUE 100000 INCREMENT BY 1 START WITH 21 CACHE 20 NOORDER  NOCYCLE ;
--------------------------------------------------------
--  DDL for Table ARTICLE
--------------------------------------------------------

  CREATE TABLE "YAEL"."ARTICLE" 
   (	"ARTICLE_ID" NUMBER(*,0), 
	"TITLE" VARCHAR2(20 BYTE), 
	"FEED_ID" NUMBER(*,0), 
	"URL" VARCHAR2(500 BYTE)
   ) SEGMENT CREATION IMMEDIATE 
  PCTFREE 10 PCTUSED 40 INITRANS 1 MAXTRANS 255 NOCOMPRESS LOGGING
  STORAGE(INITIAL 65536 NEXT 1048576 MINEXTENTS 1 MAXEXTENTS 2147483645
  PCTINCREASE 0 FREELISTS 1 FREELIST GROUPS 1 BUFFER_POOL DEFAULT FLASH_CACHE DEFAULT CELL_FLASH_CACHE DEFAULT)
  TABLESPACE "SYSTEM" ;
--------------------------------------------------------
--  DDL for Table FEED
--------------------------------------------------------

  CREATE TABLE "YAEL"."FEED" 
   (	"FEED_ID" NUMBER(*,0), 
	"NAME" VARCHAR2(20 BYTE)
   ) SEGMENT CREATION IMMEDIATE 
  PCTFREE 10 PCTUSED 40 INITRANS 1 MAXTRANS 255 NOCOMPRESS LOGGING
  STORAGE(INITIAL 65536 NEXT 1048576 MINEXTENTS 1 MAXEXTENTS 2147483645
  PCTINCREASE 0 FREELISTS 1 FREELIST GROUPS 1 BUFFER_POOL DEFAULT FLASH_CACHE DEFAULT CELL_FLASH_CACHE DEFAULT)
  TABLESPACE "SYSTEM" ;
--------------------------------------------------------
--  DDL for Table USERS
--------------------------------------------------------

  CREATE TABLE "YAEL"."USERS" 
   (	"USER_ID" NUMBER(*,0), 
	"NAME" VARCHAR2(20 BYTE)
   ) SEGMENT CREATION IMMEDIATE 
  PCTFREE 10 PCTUSED 40 INITRANS 1 MAXTRANS 255 NOCOMPRESS LOGGING
  STORAGE(INITIAL 65536 NEXT 1048576 MINEXTENTS 1 MAXEXTENTS 2147483645
  PCTINCREASE 0 FREELISTS 1 FREELIST GROUPS 1 BUFFER_POOL DEFAULT FLASH_CACHE DEFAULT CELL_FLASH_CACHE DEFAULT)
  TABLESPACE "SYSTEM" ;
--------------------------------------------------------
--  DDL for Table USER_FEED
--------------------------------------------------------

  CREATE TABLE "YAEL"."USER_FEED" 
   (	"USER_ID" NUMBER(*,0), 
	"FEED_ID" NUMBER(*,0)
   ) SEGMENT CREATION IMMEDIATE 
  PCTFREE 10 PCTUSED 40 INITRANS 1 MAXTRANS 255 NOCOMPRESS LOGGING
  STORAGE(INITIAL 65536 NEXT 1048576 MINEXTENTS 1 MAXEXTENTS 2147483645
  PCTINCREASE 0 FREELISTS 1 FREELIST GROUPS 1 BUFFER_POOL DEFAULT FLASH_CACHE DEFAULT CELL_FLASH_CACHE DEFAULT)
  TABLESPACE "SYSTEM" ;
REM INSERTING into YAEL.ARTICLE
SET DEFINE OFF;
Insert into YAEL.ARTICLE (ARTICLE_ID,TITLE,FEED_ID,URL) values (1,'BIBI',1,'www.bibi.com');
Insert into YAEL.ARTICLE (ARTICLE_ID,TITLE,FEED_ID,URL) values (2,'CLINTON',3,'www.clinton.com');
Insert into YAEL.ARTICLE (ARTICLE_ID,TITLE,FEED_ID,URL) values (3,'TRUMP',4,'wwww.trump.com');
Insert into YAEL.ARTICLE (ARTICLE_ID,TITLE,FEED_ID,URL) values (4,'BARAK',2,'wwww.barak.com');
Insert into YAEL.ARTICLE (ARTICLE_ID,TITLE,FEED_ID,URL) values (5,'SHARON',2,'www.sharon.com');
Insert into YAEL.ARTICLE (ARTICLE_ID,TITLE,FEED_ID,URL) values (6,'OBAMA',2,'www.obama.com');
Insert into YAEL.ARTICLE (ARTICLE_ID,TITLE,FEED_ID,URL) values (7,'PPERES',1,'www.peres.com');
Insert into YAEL.ARTICLE (ARTICLE_ID,TITLE,FEED_ID,URL) values (8,'titiel',1,'http://www.something.com');
Insert into YAEL.ARTICLE (ARTICLE_ID,TITLE,FEED_ID,URL) values (9,'titiel2',4,'http://www.something2.com');
Insert into YAEL.ARTICLE (ARTICLE_ID,TITLE,FEED_ID,URL) values (10,'titiel3',4,'http://www.something3.com');
Insert into YAEL.ARTICLE (ARTICLE_ID,TITLE,FEED_ID,URL) values (11,'titiel3',4,'http://www.something3.com');
Insert into YAEL.ARTICLE (ARTICLE_ID,TITLE,FEED_ID,URL) values (12,'titiel3',4,'http://www.something3.com');
REM INSERTING into YAEL.FEED
SET DEFINE OFF;
Insert into YAEL.FEED (FEED_ID,NAME) values (1,'FACEBOOK');
Insert into YAEL.FEED (FEED_ID,NAME) values (2,'TWITTER');
Insert into YAEL.FEED (FEED_ID,NAME) values (3,'STACKOVERFLOW');
Insert into YAEL.FEED (FEED_ID,NAME) values (4,'INSTAGRAM');
REM INSERTING into YAEL.USERS
SET DEFINE OFF;
Insert into YAEL.USERS (USER_ID,NAME) values (1,'Yael');
Insert into YAEL.USERS (USER_ID,NAME) values (2,'Alain');
Insert into YAEL.USERS (USER_ID,NAME) values (3,'Yarden');
REM INSERTING into YAEL.USER_FEED
SET DEFINE OFF;
Insert into YAEL.USER_FEED (USER_ID,FEED_ID) values (1,2);
Insert into YAEL.USER_FEED (USER_ID,FEED_ID) values (2,2);
Insert into YAEL.USER_FEED (USER_ID,FEED_ID) values (1,3);
--------------------------------------------------------
--  DDL for Index ARTICLE_PK
--------------------------------------------------------

  CREATE UNIQUE INDEX "YAEL"."ARTICLE_PK" ON "YAEL"."ARTICLE" ("ARTICLE_ID") 
  PCTFREE 10 INITRANS 2 MAXTRANS 255 COMPUTE STATISTICS 
  STORAGE(INITIAL 65536 NEXT 1048576 MINEXTENTS 1 MAXEXTENTS 2147483645
  PCTINCREASE 0 FREELISTS 1 FREELIST GROUPS 1 BUFFER_POOL DEFAULT FLASH_CACHE DEFAULT CELL_FLASH_CACHE DEFAULT)
  TABLESPACE "SYSTEM" ;
--------------------------------------------------------
--  DDL for Index FEED_PK
--------------------------------------------------------

  CREATE UNIQUE INDEX "YAEL"."FEED_PK" ON "YAEL"."FEED" ("FEED_ID") 
  PCTFREE 10 INITRANS 2 MAXTRANS 255 COMPUTE STATISTICS 
  STORAGE(INITIAL 65536 NEXT 1048576 MINEXTENTS 1 MAXEXTENTS 2147483645
  PCTINCREASE 0 FREELISTS 1 FREELIST GROUPS 1 BUFFER_POOL DEFAULT FLASH_CACHE DEFAULT CELL_FLASH_CACHE DEFAULT)
  TABLESPACE "SYSTEM" ;
--------------------------------------------------------
--  DDL for Index USERS_PK
--------------------------------------------------------

  CREATE UNIQUE INDEX "YAEL"."USERS_PK" ON "YAEL"."USERS" ("USER_ID") 
  PCTFREE 10 INITRANS 2 MAXTRANS 255 COMPUTE STATISTICS 
  STORAGE(INITIAL 65536 NEXT 1048576 MINEXTENTS 1 MAXEXTENTS 2147483645
  PCTINCREASE 0 FREELISTS 1 FREELIST GROUPS 1 BUFFER_POOL DEFAULT FLASH_CACHE DEFAULT CELL_FLASH_CACHE DEFAULT)
  TABLESPACE "SYSTEM" ;
--------------------------------------------------------
--  DDL for Index USER_FEED_PK
--------------------------------------------------------

  CREATE UNIQUE INDEX "YAEL"."USER_FEED_PK" ON "YAEL"."USER_FEED" ("FEED_ID", "USER_ID") 
  PCTFREE 10 INITRANS 2 MAXTRANS 255 COMPUTE STATISTICS 
  STORAGE(INITIAL 65536 NEXT 1048576 MINEXTENTS 1 MAXEXTENTS 2147483645
  PCTINCREASE 0 FREELISTS 1 FREELIST GROUPS 1 BUFFER_POOL DEFAULT FLASH_CACHE DEFAULT CELL_FLASH_CACHE DEFAULT)
  TABLESPACE "SYSTEM" ;
--------------------------------------------------------
--  Constraints for Table ARTICLE
--------------------------------------------------------

  ALTER TABLE "YAEL"."ARTICLE" ADD CONSTRAINT "ARTICLE_PK" PRIMARY KEY ("ARTICLE_ID")
  USING INDEX PCTFREE 10 INITRANS 2 MAXTRANS 255 COMPUTE STATISTICS 
  STORAGE(INITIAL 65536 NEXT 1048576 MINEXTENTS 1 MAXEXTENTS 2147483645
  PCTINCREASE 0 FREELISTS 1 FREELIST GROUPS 1 BUFFER_POOL DEFAULT FLASH_CACHE DEFAULT CELL_FLASH_CACHE DEFAULT)
  TABLESPACE "SYSTEM"  ENABLE;
  ALTER TABLE "YAEL"."ARTICLE" MODIFY ("FEED_ID" NOT NULL ENABLE);
  ALTER TABLE "YAEL"."ARTICLE" MODIFY ("TITLE" NOT NULL ENABLE);
  ALTER TABLE "YAEL"."ARTICLE" MODIFY ("ARTICLE_ID" NOT NULL ENABLE);
--------------------------------------------------------
--  Constraints for Table FEED
--------------------------------------------------------

  ALTER TABLE "YAEL"."FEED" ADD CONSTRAINT "FEED_PK" PRIMARY KEY ("FEED_ID")
  USING INDEX PCTFREE 10 INITRANS 2 MAXTRANS 255 COMPUTE STATISTICS 
  STORAGE(INITIAL 65536 NEXT 1048576 MINEXTENTS 1 MAXEXTENTS 2147483645
  PCTINCREASE 0 FREELISTS 1 FREELIST GROUPS 1 BUFFER_POOL DEFAULT FLASH_CACHE DEFAULT CELL_FLASH_CACHE DEFAULT)
  TABLESPACE "SYSTEM"  ENABLE;
  ALTER TABLE "YAEL"."FEED" MODIFY ("NAME" NOT NULL ENABLE);
  ALTER TABLE "YAEL"."FEED" MODIFY ("FEED_ID" NOT NULL ENABLE);
--------------------------------------------------------
--  Constraints for Table USERS
--------------------------------------------------------

  ALTER TABLE "YAEL"."USERS" ADD CONSTRAINT "USERS_PK" PRIMARY KEY ("USER_ID")
  USING INDEX PCTFREE 10 INITRANS 2 MAXTRANS 255 COMPUTE STATISTICS 
  STORAGE(INITIAL 65536 NEXT 1048576 MINEXTENTS 1 MAXEXTENTS 2147483645
  PCTINCREASE 0 FREELISTS 1 FREELIST GROUPS 1 BUFFER_POOL DEFAULT FLASH_CACHE DEFAULT CELL_FLASH_CACHE DEFAULT)
  TABLESPACE "SYSTEM"  ENABLE;
  ALTER TABLE "YAEL"."USERS" MODIFY ("NAME" NOT NULL ENABLE);
  ALTER TABLE "YAEL"."USERS" MODIFY ("USER_ID" NOT NULL ENABLE);
--------------------------------------------------------
--  Constraints for Table USER_FEED
--------------------------------------------------------

  ALTER TABLE "YAEL"."USER_FEED" ADD CONSTRAINT "USER_FEED_PK" PRIMARY KEY ("FEED_ID", "USER_ID")
  USING INDEX PCTFREE 10 INITRANS 2 MAXTRANS 255 COMPUTE STATISTICS 
  STORAGE(INITIAL 65536 NEXT 1048576 MINEXTENTS 1 MAXEXTENTS 2147483645
  PCTINCREASE 0 FREELISTS 1 FREELIST GROUPS 1 BUFFER_POOL DEFAULT FLASH_CACHE DEFAULT CELL_FLASH_CACHE DEFAULT)
  TABLESPACE "SYSTEM"  ENABLE;
  ALTER TABLE "YAEL"."USER_FEED" MODIFY ("FEED_ID" NOT NULL ENABLE);
  ALTER TABLE "YAEL"."USER_FEED" MODIFY ("USER_ID" NOT NULL ENABLE);
--------------------------------------------------------
--  DDL for Trigger ARTICLE_TRIGGER
--------------------------------------------------------

  CREATE OR REPLACE TRIGGER "YAEL"."ARTICLE_TRIGGER" 
before insert on ARTICLE
for each row
   begin
     select ARTICLE_ID_SEQ.nextval into :new.ARTICLE_ID from dual;
   end;
/
ALTER TRIGGER "YAEL"."ARTICLE_TRIGGER" ENABLE;
--------------------------------------------------------
--  DDL for Trigger FEED_TRIGGER
--------------------------------------------------------

  CREATE OR REPLACE TRIGGER "YAEL"."FEED_TRIGGER" 
before insert on FEED
for each row
   begin
     select FEED_ID_SEQ.nextval into :new.FEED_ID from dual;
   end;
/
ALTER TRIGGER "YAEL"."FEED_TRIGGER" ENABLE;
--------------------------------------------------------
--  DDL for Trigger USERS_TRIGGER
--------------------------------------------------------

  CREATE OR REPLACE TRIGGER "YAEL"."USERS_TRIGGER" 
before insert on USERS
for each row
   begin
     select USER_ID_SEQ.nextval into :new.USER_ID from dual;
   end;
/
ALTER TRIGGER "YAEL"."USERS_TRIGGER" ENABLE;
